feature,importance
fuel_consumption_combined_l_100km,0.5305494
green_score_ratio,0.2032835
engine_configuration,0.10476295
hybrid_flag,0.092374906
co2_per_km,0.024152087
emission_intensity,0.011163691
engine_type,0.01056792
annual_driving_km,0.007191731
engine_power_hp,0.0067902845
eco_driving_score,0.0049766954
fuel_cost_index,0.0017509148
engine_displacement_cc,0.0008551001
transmission_type,0.00037398617
length_mm,0.00023201814
compression_ratio,0.00016696153
engine_efficiency_score,0.00015990512
vehicle_year,0.00010114701
acceleration_per_power,9.673972e-05
efficiency_ratio,9.337503e-05
zero_to_100_kmh_seconds,9.172756e-05
performance_density,7.202011e-05
drivetrain,4.774905e-05
total_feature_count,4.3937504e-05
curb_weight_kg,3.8223545e-05
transmission_gears,2.4824247e-05
feature_density,2.4561023e-05
engine_aspiration,1.3567935e-05
fuel_system,0.0
fuel_type,0.0
valve_count,0.0
supercharged,0.0
ev_flag,0.0
automatic_manual,0.0
turbocharged,0.0
vehicle_age,0.0
